ï»¿Domain,Pattern,Letter,Number,Significance
b0.com,Chinese Premium LN,B,0,Pure CHIP LN
b1.com,Chinese Premium LN,B,1,Pure CHIP LN
b2.com,Chinese Premium LN,B,2,Pure CHIP LN
b3.com,Chinese Premium LN,B,3,Pure CHIP LN
b5.com,Chinese Premium LN,B,5,Pure CHIP LN
b6.com,Chinese Premium LN,B,6,Ultra-Premium CHIP (Wealth/Success)
b7.com,Chinese Premium LN,B,7,Pure CHIP LN
b8.com,Chinese Premium LN,B,8,Ultra-Premium CHIP (Wealth/Success)
b9.com,Chinese Premium LN,B,9,Ultra-Premium CHIP (Wealth/Success)
c0.com,Chinese Premium LN,C,0,Pure CHIP LN
c1.com,Chinese Premium LN,C,1,Pure CHIP LN
c2.com,Chinese Premium LN,C,2,Pure CHIP LN
c3.com,Chinese Premium LN,C,3,Pure CHIP LN
c5.com,Chinese Premium LN,C,5,Pure CHIP LN
c6.com,Chinese Premium LN,C,6,Ultra-Premium CHIP (Wealth/Success)
c7.com,Chinese Premium LN,C,7,Pure CHIP LN
c8.com,Chinese Premium LN,C,8,Ultra-Premium CHIP (Wealth/Success)
c9.com,Chinese Premium LN,C,9,Ultra-Premium CHIP (Wealth/Success)
d0.com,Chinese Premium LN,D,0,Pure CHIP LN
d1.com,Chinese Premium LN,D,1,Pure CHIP LN
d2.com,Chinese Premium LN,D,2,Pure CHIP LN
d3.com,Chinese Premium LN,D,3,Pure CHIP LN
d5.com,Chinese Premium LN,D,5,Pure CHIP LN
d6.com,Chinese Premium LN,D,6,Ultra-Premium CHIP (Wealth/Success)
d7.com,Chinese Premium LN,D,7,Pure CHIP LN
d8.com,Chinese Premium LN,D,8,Ultra-Premium CHIP (Wealth/Success)
d9.com,Chinese Premium LN,D,9,Ultra-Premium CHIP (Wealth/Success)
f0.com,Chinese Premium LN,F,0,Pure CHIP LN
f1.com,Chinese Premium LN,F,1,Pure CHIP LN
f2.com,Chinese Premium LN,F,2,Pure CHIP LN
f3.com,Chinese Premium LN,F,3,Pure CHIP LN
f5.com,Chinese Premium LN,F,5,Pure CHIP LN
f6.com,Chinese Premium LN,F,6,Ultra-Premium CHIP (Wealth/Success)
f7.com,Chinese Premium LN,F,7,Pure CHIP LN
f8.com,Chinese Premium LN,F,8,Ultra-Premium CHIP (Wealth/Success)
f9.com,Chinese Premium LN,F,9,Ultra-Premium CHIP (Wealth/Success)
g0.com,Chinese Premium LN,G,0,Pure CHIP LN
g1.com,Chinese Premium LN,G,1,Pure CHIP LN
g2.com,Chinese Premium LN,G,2,Pure CHIP LN
g3.com,Chinese Premium LN,G,3,Pure CHIP LN
g5.com,Chinese Premium LN,G,5,Pure CHIP LN
g6.com,Chinese Premium LN,G,6,Ultra-Premium CHIP (Wealth/Success)
g7.com,Chinese Premium LN,G,7,Pure CHIP LN
g8.com,Chinese Premium LN,G,8,Ultra-Premium CHIP (Wealth/Success)
g9.com,Chinese Premium LN,G,9,Ultra-Premium CHIP (Wealth/Success)
h0.com,Chinese Premium LN,H,0,Pure CHIP LN
h1.com,Chinese Premium LN,H,1,Pure CHIP LN
h2.com,Chinese Premium LN,H,2,Pure CHIP LN
h3.com,Chinese Premium LN,H,3,Pure CHIP LN
h5.com,Chinese Premium LN,H,5,Pure CHIP LN
h6.com,Chinese Premium LN,H,6,Ultra-Premium CHIP (Wealth/Success)
h7.com,Chinese Premium LN,H,7,Pure CHIP LN
h8.com,Chinese Premium LN,H,8,Ultra-Premium CHIP (Wealth/Success)
h9.com,Chinese Premium LN,H,9,Ultra-Premium CHIP (Wealth/Success)
j0.com,Chinese Premium LN,J,0,Pure CHIP LN
j1.com,Chinese Premium LN,J,1,Pure CHIP LN
j2.com,Chinese Premium LN,J,2,Pure CHIP LN
j3.com,Chinese Premium LN,J,3,Pure CHIP LN
j5.com,Chinese Premium LN,J,5,Pure CHIP LN
j6.com,Chinese Premium LN,J,6,Ultra-Premium CHIP (Wealth/Success)
j7.com,Chinese Premium LN,J,7,Pure CHIP LN
j8.com,Chinese Premium LN,J,8,Ultra-Premium CHIP (Wealth/Success)
j9.com,Chinese Premium LN,J,9,Ultra-Premium CHIP (Wealth/Success)
k0.com,Chinese Premium LN,K,0,Pure CHIP LN
k1.com,Chinese Premium LN,K,1,Pure CHIP LN
k2.com,Chinese Premium LN,K,2,Pure CHIP LN
k3.com,Chinese Premium LN,K,3,Pure CHIP LN
k5.com,Chinese Premium LN,K,5,Pure CHIP LN
k6.com,Chinese Premium LN,K,6,Ultra-Premium CHIP (Wealth/Success)
k7.com,Chinese Premium LN,K,7,Pure CHIP LN
k8.com,Chinese Premium LN,K,8,Ultra-Premium CHIP (Wealth/Success)
k9.com,Chinese Premium LN,K,9,Ultra-Premium CHIP (Wealth/Success)
l0.com,Chinese Premium LN,L,0,Pure CHIP LN
l1.com,Chinese Premium LN,L,1,Pure CHIP LN
l2.com,Chinese Premium LN,L,2,Pure CHIP LN
l3.com,Chinese Premium LN,L,3,Pure CHIP LN
l5.com,Chinese Premium LN,L,5,Pure CHIP LN
l6.com,Chinese Premium LN,L,6,Ultra-Premium CHIP (Wealth/Success)
l7.com,Chinese Premium LN,L,7,Pure CHIP LN
l8.com,Chinese Premium LN,L,8,Ultra-Premium CHIP (Wealth/Success)
l9.com,Chinese Premium LN,L,9,Ultra-Premium CHIP (Wealth/Success)
m0.com,Chinese Premium LN,M,0,Pure CHIP LN
m1.com,Chinese Premium LN,M,1,Pure CHIP LN
m2.com,Chinese Premium LN,M,2,Pure CHIP LN
m3.com,Chinese Premium LN,M,3,Pure CHIP LN
m5.com,Chinese Premium LN,M,5,Pure CHIP LN
m6.com,Chinese Premium LN,M,6,Ultra-Premium CHIP (Wealth/Success)
m7.com,Chinese Premium LN,M,7,Pure CHIP LN
m8.com,Chinese Premium LN,M,8,Ultra-Premium CHIP (Wealth/Success)
m9.com,Chinese Premium LN,M,9,Ultra-Premium CHIP (Wealth/Success)
n0.com,Chinese Premium LN,N,0,Pure CHIP LN
n1.com,Chinese Premium LN,N,1,Pure CHIP LN
n2.com,Chinese Premium LN,N,2,Pure CHIP LN
n3.com,Chinese Premium LN,N,3,Pure CHIP LN
n5.com,Chinese Premium LN,N,5,Pure CHIP LN
n6.com,Chinese Premium LN,N,6,Ultra-Premium CHIP (Wealth/Success)
n7.com,Chinese Premium LN,N,7,Pure CHIP LN
n8.com,Chinese Premium LN,N,8,Ultra-Premium CHIP (Wealth/Success)
n9.com,Chinese Premium LN,N,9,Ultra-Premium CHIP (Wealth/Success)
p0.com,Chinese Premium LN,P,0,Pure CHIP LN
p1.com,Chinese Premium LN,P,1,Pure CHIP LN
p2.com,Chinese Premium LN,P,2,Pure CHIP LN
p3.com,Chinese Premium LN,P,3,Pure CHIP LN
p5.com,Chinese Premium LN,P,5,Pure CHIP LN
p6.com,Chinese Premium LN,P,6,Ultra-Premium CHIP (Wealth/Success)
p7.com,Chinese Premium LN,P,7,Pure CHIP LN
p8.com,Chinese Premium LN,P,8,Ultra-Premium CHIP (Wealth/Success)
p9.com,Chinese Premium LN,P,9,Ultra-Premium CHIP (Wealth/Success)
q0.com,Chinese Premium LN,Q,0,Pure CHIP LN
q1.com,Chinese Premium LN,Q,1,Pure CHIP LN
q2.com,Chinese Premium LN,Q,2,Pure CHIP LN
q3.com,Chinese Premium LN,Q,3,Pure CHIP LN
q5.com,Chinese Premium LN,Q,5,Pure CHIP LN
q6.com,Chinese Premium LN,Q,6,Ultra-Premium CHIP (Wealth/Success)
q7.com,Chinese Premium LN,Q,7,Pure CHIP LN
q8.com,Chinese Premium LN,Q,8,Ultra-Premium CHIP (Wealth/Success)
q9.com,Chinese Premium LN,Q,9,Ultra-Premium CHIP (Wealth/Success)
r0.com,Chinese Premium LN,R,0,Pure CHIP LN
r1.com,Chinese Premium LN,R,1,Pure CHIP LN
r2.com,Chinese Premium LN,R,2,Pure CHIP LN
r3.com,Chinese Premium LN,R,3,Pure CHIP LN
r5.com,Chinese Premium LN,R,5,Pure CHIP LN
r6.com,Chinese Premium LN,R,6,Ultra-Premium CHIP (Wealth/Success)
r7.com,Chinese Premium LN,R,7,Pure CHIP LN
r8.com,Chinese Premium LN,R,8,Ultra-Premium CHIP (Wealth/Success)
r9.com,Chinese Premium LN,R,9,Ultra-Premium CHIP (Wealth/Success)
s0.com,Chinese Premium LN,S,0,Pure CHIP LN
s1.com,Chinese Premium LN,S,1,Pure CHIP LN
s2.com,Chinese Premium LN,S,2,Pure CHIP LN
s3.com,Chinese Premium LN,S,3,Pure CHIP LN
s5.com,Chinese Premium LN,S,5,Pure CHIP LN
s6.com,Chinese Premium LN,S,6,Ultra-Premium CHIP (Wealth/Success)
s7.com,Chinese Premium LN,S,7,Pure CHIP LN
s8.com,Chinese Premium LN,S,8,Ultra-Premium CHIP (Wealth/Success)
s9.com,Chinese Premium LN,S,9,Ultra-Premium CHIP (Wealth/Success)
t0.com,Chinese Premium LN,T,0,Pure CHIP LN
t1.com,Chinese Premium LN,T,1,Pure CHIP LN
t2.com,Chinese Premium LN,T,2,Pure CHIP LN
t3.com,Chinese Premium LN,T,3,Pure CHIP LN
t5.com,Chinese Premium LN,T,5,Pure CHIP LN
t6.com,Chinese Premium LN,T,6,Ultra-Premium CHIP (Wealth/Success)
t7.com,Chinese Premium LN,T,7,Pure CHIP LN
t8.com,Chinese Premium LN,T,8,Ultra-Premium CHIP (Wealth/Success)
t9.com,Chinese Premium LN,T,9,Ultra-Premium CHIP (Wealth/Success)
w0.com,Chinese Premium LN,W,0,Pure CHIP LN
w1.com,Chinese Premium LN,W,1,Pure CHIP LN
w2.com,Chinese Premium LN,W,2,Pure CHIP LN
w3.com,Chinese Premium LN,W,3,Pure CHIP LN
w5.com,Chinese Premium LN,W,5,Pure CHIP LN
w6.com,Chinese Premium LN,W,6,Ultra-Premium CHIP (Wealth/Success)
w7.com,Chinese Premium LN,W,7,Pure CHIP LN
w8.com,Chinese Premium LN,W,8,Ultra-Premium CHIP (Wealth/Success)
w9.com,Chinese Premium LN,W,9,Ultra-Premium CHIP (Wealth/Success)
x0.com,Chinese Premium LN,X,0,Pure CHIP LN
x1.com,Chinese Premium LN,X,1,Pure CHIP LN
x2.com,Chinese Premium LN,X,2,Pure CHIP LN
x3.com,Chinese Premium LN,X,3,Pure CHIP LN
x5.com,Chinese Premium LN,X,5,Pure CHIP LN
x6.com,Chinese Premium LN,X,6,Ultra-Premium CHIP (Wealth/Success)
x7.com,Chinese Premium LN,X,7,Pure CHIP LN
x8.com,Chinese Premium LN,X,8,Ultra-Premium CHIP (Wealth/Success)
x9.com,Chinese Premium LN,X,9,Ultra-Premium CHIP (Wealth/Success)
y0.com,Chinese Premium LN,Y,0,Pure CHIP LN
y1.com,Chinese Premium LN,Y,1,Pure CHIP LN
y2.com,Chinese Premium LN,Y,2,Pure CHIP LN
y3.com,Chinese Premium LN,Y,3,Pure CHIP LN
y5.com,Chinese Premium LN,Y,5,Pure CHIP LN
y6.com,Chinese Premium LN,Y,6,Ultra-Premium CHIP (Wealth/Success)
y7.com,Chinese Premium LN,Y,7,Pure CHIP LN
y8.com,Chinese Premium LN,Y,8,Ultra-Premium CHIP (Wealth/Success)
y9.com,Chinese Premium LN,Y,9,Ultra-Premium CHIP (Wealth/Success)
z0.com,Chinese Premium LN,Z,0,Pure CHIP LN
z1.com,Chinese Premium LN,Z,1,Pure CHIP LN
z2.com,Chinese Premium LN,Z,2,Pure CHIP LN
z3.com,Chinese Premium LN,Z,3,Pure CHIP LN
z5.com,Chinese Premium LN,Z,5,Pure CHIP LN
z6.com,Chinese Premium LN,Z,6,Ultra-Premium CHIP (Wealth/Success)
z7.com,Chinese Premium LN,Z,7,Pure CHIP LN
z8.com,Chinese Premium LN,Z,8,Ultra-Premium CHIP (Wealth/Success)
z9.com,Chinese Premium LN,Z,9,Ultra-Premium CHIP (Wealth/Success)