ï»¿Domain,Pattern,Digit 1,Digit 2,Digit 3
000.com,NNN (Numeric),0,0,0
001.com,NNN (Numeric),0,0,1
002.com,NNN (Numeric),0,0,2
003.com,NNN (Numeric),0,0,3
004.com,NNN (Numeric),0,0,4
005.com,NNN (Numeric),0,0,5
006.com,NNN (Numeric),0,0,6
007.com,NNN (Numeric),0,0,7
008.com,NNN (Numeric),0,0,8
009.com,NNN (Numeric),0,0,9
010.com,NNN (Numeric),0,1,0
011.com,NNN (Numeric),0,1,1
012.com,NNN (Numeric),0,1,2
013.com,NNN (Numeric),0,1,3
014.com,NNN (Numeric),0,1,4
015.com,NNN (Numeric),0,1,5
016.com,NNN (Numeric),0,1,6
017.com,NNN (Numeric),0,1,7
018.com,NNN (Numeric),0,1,8
019.com,NNN (Numeric),0,1,9
020.com,NNN (Numeric),0,2,0
021.com,NNN (Numeric),0,2,1
022.com,NNN (Numeric),0,2,2
023.com,NNN (Numeric),0,2,3
024.com,NNN (Numeric),0,2,4
025.com,NNN (Numeric),0,2,5
026.com,NNN (Numeric),0,2,6
027.com,NNN (Numeric),0,2,7
028.com,NNN (Numeric),0,2,8
029.com,NNN (Numeric),0,2,9
030.com,NNN (Numeric),0,3,0
031.com,NNN (Numeric),0,3,1
032.com,NNN (Numeric),0,3,2
033.com,NNN (Numeric),0,3,3
034.com,NNN (Numeric),0,3,4
035.com,NNN (Numeric),0,3,5
036.com,NNN (Numeric),0,3,6
037.com,NNN (Numeric),0,3,7
038.com,NNN (Numeric),0,3,8
039.com,NNN (Numeric),0,3,9
040.com,NNN (Numeric),0,4,0
041.com,NNN (Numeric),0,4,1
042.com,NNN (Numeric),0,4,2
043.com,NNN (Numeric),0,4,3
044.com,NNN (Numeric),0,4,4
045.com,NNN (Numeric),0,4,5
046.com,NNN (Numeric),0,4,6
047.com,NNN (Numeric),0,4,7
048.com,NNN (Numeric),0,4,8
049.com,NNN (Numeric),0,4,9
050.com,NNN (Numeric),0,5,0
051.com,NNN (Numeric),0,5,1
052.com,NNN (Numeric),0,5,2
053.com,NNN (Numeric),0,5,3
054.com,NNN (Numeric),0,5,4
055.com,NNN (Numeric),0,5,5
056.com,NNN (Numeric),0,5,6
057.com,NNN (Numeric),0,5,7
058.com,NNN (Numeric),0,5,8
059.com,NNN (Numeric),0,5,9
060.com,NNN (Numeric),0,6,0
061.com,NNN (Numeric),0,6,1
062.com,NNN (Numeric),0,6,2
063.com,NNN (Numeric),0,6,3
064.com,NNN (Numeric),0,6,4
065.com,NNN (Numeric),0,6,5
066.com,NNN (Numeric),0,6,6
067.com,NNN (Numeric),0,6,7
068.com,NNN (Numeric),0,6,8
069.com,NNN (Numeric),0,6,9
070.com,NNN (Numeric),0,7,0
071.com,NNN (Numeric),0,7,1
072.com,NNN (Numeric),0,7,2
073.com,NNN (Numeric),0,7,3
074.com,NNN (Numeric),0,7,4
075.com,NNN (Numeric),0,7,5
076.com,NNN (Numeric),0,7,6
077.com,NNN (Numeric),0,7,7
078.com,NNN (Numeric),0,7,8
079.com,NNN (Numeric),0,7,9
080.com,NNN (Numeric),0,8,0
081.com,NNN (Numeric),0,8,1
082.com,NNN (Numeric),0,8,2
083.com,NNN (Numeric),0,8,3
084.com,NNN (Numeric),0,8,4
085.com,NNN (Numeric),0,8,5
086.com,NNN (Numeric),0,8,6
087.com,NNN (Numeric),0,8,7
088.com,NNN (Numeric),0,8,8
089.com,NNN (Numeric),0,8,9
090.com,NNN (Numeric),0,9,0
091.com,NNN (Numeric),0,9,1
092.com,NNN (Numeric),0,9,2
093.com,NNN (Numeric),0,9,3
094.com,NNN (Numeric),0,9,4
095.com,NNN (Numeric),0,9,5
096.com,NNN (Numeric),0,9,6
097.com,NNN (Numeric),0,9,7
098.com,NNN (Numeric),0,9,8
099.com,NNN (Numeric),0,9,9
100.com,NNN (Numeric),1,0,0
101.com,NNN (Numeric),1,0,1
102.com,NNN (Numeric),1,0,2
103.com,NNN (Numeric),1,0,3
104.com,NNN (Numeric),1,0,4
105.com,NNN (Numeric),1,0,5
106.com,NNN (Numeric),1,0,6
107.com,NNN (Numeric),1,0,7
108.com,NNN (Numeric),1,0,8
109.com,NNN (Numeric),1,0,9
110.com,NNN (Numeric),1,1,0
111.com,NNN (Numeric),1,1,1
112.com,NNN (Numeric),1,1,2
113.com,NNN (Numeric),1,1,3
114.com,NNN (Numeric),1,1,4
115.com,NNN (Numeric),1,1,5
116.com,NNN (Numeric),1,1,6
117.com,NNN (Numeric),1,1,7
118.com,NNN (Numeric),1,1,8
119.com,NNN (Numeric),1,1,9
120.com,NNN (Numeric),1,2,0
121.com,NNN (Numeric),1,2,1
122.com,NNN (Numeric),1,2,2
123.com,NNN (Numeric),1,2,3
124.com,NNN (Numeric),1,2,4
125.com,NNN (Numeric),1,2,5
126.com,NNN (Numeric),1,2,6
127.com,NNN (Numeric),1,2,7
128.com,NNN (Numeric),1,2,8
129.com,NNN (Numeric),1,2,9
130.com,NNN (Numeric),1,3,0
131.com,NNN (Numeric),1,3,1
132.com,NNN (Numeric),1,3,2
133.com,NNN (Numeric),1,3,3
134.com,NNN (Numeric),1,3,4
135.com,NNN (Numeric),1,3,5
136.com,NNN (Numeric),1,3,6
137.com,NNN (Numeric),1,3,7
138.com,NNN (Numeric),1,3,8
139.com,NNN (Numeric),1,3,9
140.com,NNN (Numeric),1,4,0
141.com,NNN (Numeric),1,4,1
142.com,NNN (Numeric),1,4,2
143.com,NNN (Numeric),1,4,3
144.com,NNN (Numeric),1,4,4
145.com,NNN (Numeric),1,4,5
146.com,NNN (Numeric),1,4,6
147.com,NNN (Numeric),1,4,7
148.com,NNN (Numeric),1,4,8
149.com,NNN (Numeric),1,4,9
150.com,NNN (Numeric),1,5,0
151.com,NNN (Numeric),1,5,1
152.com,NNN (Numeric),1,5,2
153.com,NNN (Numeric),1,5,3
154.com,NNN (Numeric),1,5,4
155.com,NNN (Numeric),1,5,5
156.com,NNN (Numeric),1,5,6
157.com,NNN (Numeric),1,5,7
158.com,NNN (Numeric),1,5,8
159.com,NNN (Numeric),1,5,9
160.com,NNN (Numeric),1,6,0
161.com,NNN (Numeric),1,6,1
162.com,NNN (Numeric),1,6,2
163.com,NNN (Numeric),1,6,3
164.com,NNN (Numeric),1,6,4
165.com,NNN (Numeric),1,6,5
166.com,NNN (Numeric),1,6,6
167.com,NNN (Numeric),1,6,7
168.com,NNN (Numeric),1,6,8
169.com,NNN (Numeric),1,6,9
170.com,NNN (Numeric),1,7,0
171.com,NNN (Numeric),1,7,1
172.com,NNN (Numeric),1,7,2
173.com,NNN (Numeric),1,7,3
174.com,NNN (Numeric),1,7,4
175.com,NNN (Numeric),1,7,5
176.com,NNN (Numeric),1,7,6
177.com,NNN (Numeric),1,7,7
178.com,NNN (Numeric),1,7,8
179.com,NNN (Numeric),1,7,9
180.com,NNN (Numeric),1,8,0
181.com,NNN (Numeric),1,8,1
182.com,NNN (Numeric),1,8,2
183.com,NNN (Numeric),1,8,3
184.com,NNN (Numeric),1,8,4
185.com,NNN (Numeric),1,8,5
186.com,NNN (Numeric),1,8,6
187.com,NNN (Numeric),1,8,7
188.com,NNN (Numeric),1,8,8
189.com,NNN (Numeric),1,8,9
190.com,NNN (Numeric),1,9,0
191.com,NNN (Numeric),1,9,1
192.com,NNN (Numeric),1,9,2
193.com,NNN (Numeric),1,9,3
194.com,NNN (Numeric),1,9,4
195.com,NNN (Numeric),1,9,5
196.com,NNN (Numeric),1,9,6
197.com,NNN (Numeric),1,9,7
198.com,NNN (Numeric),1,9,8
199.com,NNN (Numeric),1,9,9
200.com,NNN (Numeric),2,0,0
201.com,NNN (Numeric),2,0,1
202.com,NNN (Numeric),2,0,2
203.com,NNN (Numeric),2,0,3
204.com,NNN (Numeric),2,0,4
205.com,NNN (Numeric),2,0,5
206.com,NNN (Numeric),2,0,6
207.com,NNN (Numeric),2,0,7
208.com,NNN (Numeric),2,0,8
209.com,NNN (Numeric),2,0,9
210.com,NNN (Numeric),2,1,0
211.com,NNN (Numeric),2,1,1
212.com,NNN (Numeric),2,1,2
213.com,NNN (Numeric),2,1,3
214.com,NNN (Numeric),2,1,4
215.com,NNN (Numeric),2,1,5
216.com,NNN (Numeric),2,1,6
217.com,NNN (Numeric),2,1,7
218.com,NNN (Numeric),2,1,8
219.com,NNN (Numeric),2,1,9
220.com,NNN (Numeric),2,2,0
221.com,NNN (Numeric),2,2,1
222.com,NNN (Numeric),2,2,2
223.com,NNN (Numeric),2,2,3
224.com,NNN (Numeric),2,2,4
225.com,NNN (Numeric),2,2,5
226.com,NNN (Numeric),2,2,6
227.com,NNN (Numeric),2,2,7
228.com,NNN (Numeric),2,2,8
229.com,NNN (Numeric),2,2,9
230.com,NNN (Numeric),2,3,0
231.com,NNN (Numeric),2,3,1
232.com,NNN (Numeric),2,3,2
233.com,NNN (Numeric),2,3,3
234.com,NNN (Numeric),2,3,4
235.com,NNN (Numeric),2,3,5
236.com,NNN (Numeric),2,3,6
237.com,NNN (Numeric),2,3,7
238.com,NNN (Numeric),2,3,8
239.com,NNN (Numeric),2,3,9
240.com,NNN (Numeric),2,4,0
241.com,NNN (Numeric),2,4,1
242.com,NNN (Numeric),2,4,2
243.com,NNN (Numeric),2,4,3
244.com,NNN (Numeric),2,4,4
245.com,NNN (Numeric),2,4,5
246.com,NNN (Numeric),2,4,6
247.com,NNN (Numeric),2,4,7
248.com,NNN (Numeric),2,4,8
249.com,NNN (Numeric),2,4,9
250.com,NNN (Numeric),2,5,0
251.com,NNN (Numeric),2,5,1
252.com,NNN (Numeric),2,5,2
253.com,NNN (Numeric),2,5,3
254.com,NNN (Numeric),2,5,4
255.com,NNN (Numeric),2,5,5
256.com,NNN (Numeric),2,5,6
257.com,NNN (Numeric),2,5,7
258.com,NNN (Numeric),2,5,8
259.com,NNN (Numeric),2,5,9
260.com,NNN (Numeric),2,6,0
261.com,NNN (Numeric),2,6,1
262.com,NNN (Numeric),2,6,2
263.com,NNN (Numeric),2,6,3
264.com,NNN (Numeric),2,6,4
265.com,NNN (Numeric),2,6,5
266.com,NNN (Numeric),2,6,6
267.com,NNN (Numeric),2,6,7
268.com,NNN (Numeric),2,6,8
269.com,NNN (Numeric),2,6,9
270.com,NNN (Numeric),2,7,0
271.com,NNN (Numeric),2,7,1
272.com,NNN (Numeric),2,7,2
273.com,NNN (Numeric),2,7,3
274.com,NNN (Numeric),2,7,4
275.com,NNN (Numeric),2,7,5
276.com,NNN (Numeric),2,7,6
277.com,NNN (Numeric),2,7,7
278.com,NNN (Numeric),2,7,8
279.com,NNN (Numeric),2,7,9
280.com,NNN (Numeric),2,8,0
281.com,NNN (Numeric),2,8,1
282.com,NNN (Numeric),2,8,2
283.com,NNN (Numeric),2,8,3
284.com,NNN (Numeric),2,8,4
285.com,NNN (Numeric),2,8,5
286.com,NNN (Numeric),2,8,6
287.com,NNN (Numeric),2,8,7
288.com,NNN (Numeric),2,8,8
289.com,NNN (Numeric),2,8,9
290.com,NNN (Numeric),2,9,0
291.com,NNN (Numeric),2,9,1
292.com,NNN (Numeric),2,9,2
293.com,NNN (Numeric),2,9,3
294.com,NNN (Numeric),2,9,4
295.com,NNN (Numeric),2,9,5
296.com,NNN (Numeric),2,9,6
297.com,NNN (Numeric),2,9,7
298.com,NNN (Numeric),2,9,8
299.com,NNN (Numeric),2,9,9
300.com,NNN (Numeric),3,0,0
301.com,NNN (Numeric),3,0,1
302.com,NNN (Numeric),3,0,2
303.com,NNN (Numeric),3,0,3
304.com,NNN (Numeric),3,0,4
305.com,NNN (Numeric),3,0,5
306.com,NNN (Numeric),3,0,6
307.com,NNN (Numeric),3,0,7
308.com,NNN (Numeric),3,0,8
309.com,NNN (Numeric),3,0,9
310.com,NNN (Numeric),3,1,0
311.com,NNN (Numeric),3,1,1
312.com,NNN (Numeric),3,1,2
313.com,NNN (Numeric),3,1,3
314.com,NNN (Numeric),3,1,4
315.com,NNN (Numeric),3,1,5
316.com,NNN (Numeric),3,1,6
317.com,NNN (Numeric),3,1,7
318.com,NNN (Numeric),3,1,8
319.com,NNN (Numeric),3,1,9
320.com,NNN (Numeric),3,2,0
321.com,NNN (Numeric),3,2,1
322.com,NNN (Numeric),3,2,2
323.com,NNN (Numeric),3,2,3
324.com,NNN (Numeric),3,2,4
325.com,NNN (Numeric),3,2,5
326.com,NNN (Numeric),3,2,6
327.com,NNN (Numeric),3,2,7
328.com,NNN (Numeric),3,2,8
329.com,NNN (Numeric),3,2,9
330.com,NNN (Numeric),3,3,0
331.com,NNN (Numeric),3,3,1
332.com,NNN (Numeric),3,3,2
333.com,NNN (Numeric),3,3,3
334.com,NNN (Numeric),3,3,4
335.com,NNN (Numeric),3,3,5
336.com,NNN (Numeric),3,3,6
337.com,NNN (Numeric),3,3,7
338.com,NNN (Numeric),3,3,8
339.com,NNN (Numeric),3,3,9
340.com,NNN (Numeric),3,4,0
341.com,NNN (Numeric),3,4,1
342.com,NNN (Numeric),3,4,2
343.com,NNN (Numeric),3,4,3
344.com,NNN (Numeric),3,4,4
345.com,NNN (Numeric),3,4,5
346.com,NNN (Numeric),3,4,6
347.com,NNN (Numeric),3,4,7
348.com,NNN (Numeric),3,4,8
349.com,NNN (Numeric),3,4,9
350.com,NNN (Numeric),3,5,0
351.com,NNN (Numeric),3,5,1
352.com,NNN (Numeric),3,5,2
353.com,NNN (Numeric),3,5,3
354.com,NNN (Numeric),3,5,4
355.com,NNN (Numeric),3,5,5
356.com,NNN (Numeric),3,5,6
357.com,NNN (Numeric),3,5,7
358.com,NNN (Numeric),3,5,8
359.com,NNN (Numeric),3,5,9
360.com,NNN (Numeric),3,6,0
361.com,NNN (Numeric),3,6,1
362.com,NNN (Numeric),3,6,2
363.com,NNN (Numeric),3,6,3
364.com,NNN (Numeric),3,6,4
365.com,NNN (Numeric),3,6,5
366.com,NNN (Numeric),3,6,6
367.com,NNN (Numeric),3,6,7
368.com,NNN (Numeric),3,6,8
369.com,NNN (Numeric),3,6,9
370.com,NNN (Numeric),3,7,0
371.com,NNN (Numeric),3,7,1
372.com,NNN (Numeric),3,7,2
373.com,NNN (Numeric),3,7,3
374.com,NNN (Numeric),3,7,4
375.com,NNN (Numeric),3,7,5
376.com,NNN (Numeric),3,7,6
377.com,NNN (Numeric),3,7,7
378.com,NNN (Numeric),3,7,8
379.com,NNN (Numeric),3,7,9
380.com,NNN (Numeric),3,8,0
381.com,NNN (Numeric),3,8,1
382.com,NNN (Numeric),3,8,2
383.com,NNN (Numeric),3,8,3
384.com,NNN (Numeric),3,8,4
385.com,NNN (Numeric),3,8,5
386.com,NNN (Numeric),3,8,6
387.com,NNN (Numeric),3,8,7
388.com,NNN (Numeric),3,8,8
389.com,NNN (Numeric),3,8,9
390.com,NNN (Numeric),3,9,0
391.com,NNN (Numeric),3,9,1
392.com,NNN (Numeric),3,9,2
393.com,NNN (Numeric),3,9,3
394.com,NNN (Numeric),3,9,4
395.com,NNN (Numeric),3,9,5
396.com,NNN (Numeric),3,9,6
397.com,NNN (Numeric),3,9,7
398.com,NNN (Numeric),3,9,8
399.com,NNN (Numeric),3,9,9
400.com,NNN (Numeric),4,0,0
401.com,NNN (Numeric),4,0,1
402.com,NNN (Numeric),4,0,2
403.com,NNN (Numeric),4,0,3
404.com,NNN (Numeric),4,0,4
405.com,NNN (Numeric),4,0,5
406.com,NNN (Numeric),4,0,6
407.com,NNN (Numeric),4,0,7
408.com,NNN (Numeric),4,0,8
409.com,NNN (Numeric),4,0,9
410.com,NNN (Numeric),4,1,0
411.com,NNN (Numeric),4,1,1
412.com,NNN (Numeric),4,1,2
413.com,NNN (Numeric),4,1,3
414.com,NNN (Numeric),4,1,4
415.com,NNN (Numeric),4,1,5
416.com,NNN (Numeric),4,1,6
417.com,NNN (Numeric),4,1,7
418.com,NNN (Numeric),4,1,8
419.com,NNN (Numeric),4,1,9
420.com,NNN (Numeric),4,2,0
421.com,NNN (Numeric),4,2,1
422.com,NNN (Numeric),4,2,2
423.com,NNN (Numeric),4,2,3
424.com,NNN (Numeric),4,2,4
425.com,NNN (Numeric),4,2,5
426.com,NNN (Numeric),4,2,6
427.com,NNN (Numeric),4,2,7
428.com,NNN (Numeric),4,2,8
429.com,NNN (Numeric),4,2,9
430.com,NNN (Numeric),4,3,0
431.com,NNN (Numeric),4,3,1
432.com,NNN (Numeric),4,3,2
433.com,NNN (Numeric),4,3,3
434.com,NNN (Numeric),4,3,4
435.com,NNN (Numeric),4,3,5
436.com,NNN (Numeric),4,3,6
437.com,NNN (Numeric),4,3,7
438.com,NNN (Numeric),4,3,8
439.com,NNN (Numeric),4,3,9
440.com,NNN (Numeric),4,4,0
441.com,NNN (Numeric),4,4,1
442.com,NNN (Numeric),4,4,2
443.com,NNN (Numeric),4,4,3
444.com,NNN (Numeric),4,4,4
445.com,NNN (Numeric),4,4,5
446.com,NNN (Numeric),4,4,6
447.com,NNN (Numeric),4,4,7
448.com,NNN (Numeric),4,4,8
449.com,NNN (Numeric),4,4,9
450.com,NNN (Numeric),4,5,0
451.com,NNN (Numeric),4,5,1
452.com,NNN (Numeric),4,5,2
453.com,NNN (Numeric),4,5,3
454.com,NNN (Numeric),4,5,4
455.com,NNN (Numeric),4,5,5
456.com,NNN (Numeric),4,5,6
457.com,NNN (Numeric),4,5,7
458.com,NNN (Numeric),4,5,8
459.com,NNN (Numeric),4,5,9
460.com,NNN (Numeric),4,6,0
461.com,NNN (Numeric),4,6,1
462.com,NNN (Numeric),4,6,2
463.com,NNN (Numeric),4,6,3
464.com,NNN (Numeric),4,6,4
465.com,NNN (Numeric),4,6,5
466.com,NNN (Numeric),4,6,6
467.com,NNN (Numeric),4,6,7
468.com,NNN (Numeric),4,6,8
469.com,NNN (Numeric),4,6,9
470.com,NNN (Numeric),4,7,0
471.com,NNN (Numeric),4,7,1
472.com,NNN (Numeric),4,7,2
473.com,NNN (Numeric),4,7,3
474.com,NNN (Numeric),4,7,4
475.com,NNN (Numeric),4,7,5
476.com,NNN (Numeric),4,7,6
477.com,NNN (Numeric),4,7,7
478.com,NNN (Numeric),4,7,8
479.com,NNN (Numeric),4,7,9
480.com,NNN (Numeric),4,8,0
481.com,NNN (Numeric),4,8,1
482.com,NNN (Numeric),4,8,2
483.com,NNN (Numeric),4,8,3
484.com,NNN (Numeric),4,8,4
485.com,NNN (Numeric),4,8,5
486.com,NNN (Numeric),4,8,6
487.com,NNN (Numeric),4,8,7
488.com,NNN (Numeric),4,8,8
489.com,NNN (Numeric),4,8,9
490.com,NNN (Numeric),4,9,0
491.com,NNN (Numeric),4,9,1
492.com,NNN (Numeric),4,9,2
493.com,NNN (Numeric),4,9,3
494.com,NNN (Numeric),4,9,4
495.com,NNN (Numeric),4,9,5
496.com,NNN (Numeric),4,9,6
497.com,NNN (Numeric),4,9,7
498.com,NNN (Numeric),4,9,8
499.com,NNN (Numeric),4,9,9
500.com,NNN (Numeric),5,0,0
501.com,NNN (Numeric),5,0,1
502.com,NNN (Numeric),5,0,2
503.com,NNN (Numeric),5,0,3
504.com,NNN (Numeric),5,0,4
505.com,NNN (Numeric),5,0,5
506.com,NNN (Numeric),5,0,6
507.com,NNN (Numeric),5,0,7
508.com,NNN (Numeric),5,0,8
509.com,NNN (Numeric),5,0,9
510.com,NNN (Numeric),5,1,0
511.com,NNN (Numeric),5,1,1
512.com,NNN (Numeric),5,1,2
513.com,NNN (Numeric),5,1,3
514.com,NNN (Numeric),5,1,4
515.com,NNN (Numeric),5,1,5
516.com,NNN (Numeric),5,1,6
517.com,NNN (Numeric),5,1,7
518.com,NNN (Numeric),5,1,8
519.com,NNN (Numeric),5,1,9
520.com,NNN (Numeric),5,2,0
521.com,NNN (Numeric),5,2,1
522.com,NNN (Numeric),5,2,2
523.com,NNN (Numeric),5,2,3
524.com,NNN (Numeric),5,2,4
525.com,NNN (Numeric),5,2,5
526.com,NNN (Numeric),5,2,6
527.com,NNN (Numeric),5,2,7
528.com,NNN (Numeric),5,2,8
529.com,NNN (Numeric),5,2,9
530.com,NNN (Numeric),5,3,0
531.com,NNN (Numeric),5,3,1
532.com,NNN (Numeric),5,3,2
533.com,NNN (Numeric),5,3,3
534.com,NNN (Numeric),5,3,4
535.com,NNN (Numeric),5,3,5
536.com,NNN (Numeric),5,3,6
537.com,NNN (Numeric),5,3,7
538.com,NNN (Numeric),5,3,8
539.com,NNN (Numeric),5,3,9
540.com,NNN (Numeric),5,4,0
541.com,NNN (Numeric),5,4,1
542.com,NNN (Numeric),5,4,2
543.com,NNN (Numeric),5,4,3
544.com,NNN (Numeric),5,4,4
545.com,NNN (Numeric),5,4,5
546.com,NNN (Numeric),5,4,6
547.com,NNN (Numeric),5,4,7
548.com,NNN (Numeric),5,4,8
549.com,NNN (Numeric),5,4,9
550.com,NNN (Numeric),5,5,0
551.com,NNN (Numeric),5,5,1
552.com,NNN (Numeric),5,5,2
553.com,NNN (Numeric),5,5,3
554.com,NNN (Numeric),5,5,4
555.com,NNN (Numeric),5,5,5
556.com,NNN (Numeric),5,5,6
557.com,NNN (Numeric),5,5,7
558.com,NNN (Numeric),5,5,8
559.com,NNN (Numeric),5,5,9
560.com,NNN (Numeric),5,6,0
561.com,NNN (Numeric),5,6,1
562.com,NNN (Numeric),5,6,2
563.com,NNN (Numeric),5,6,3
564.com,NNN (Numeric),5,6,4
565.com,NNN (Numeric),5,6,5
566.com,NNN (Numeric),5,6,6
567.com,NNN (Numeric),5,6,7
568.com,NNN (Numeric),5,6,8
569.com,NNN (Numeric),5,6,9
570.com,NNN (Numeric),5,7,0
571.com,NNN (Numeric),5,7,1
572.com,NNN (Numeric),5,7,2
573.com,NNN (Numeric),5,7,3
574.com,NNN (Numeric),5,7,4
575.com,NNN (Numeric),5,7,5
576.com,NNN (Numeric),5,7,6
577.com,NNN (Numeric),5,7,7
578.com,NNN (Numeric),5,7,8
579.com,NNN (Numeric),5,7,9
580.com,NNN (Numeric),5,8,0
581.com,NNN (Numeric),5,8,1
582.com,NNN (Numeric),5,8,2
583.com,NNN (Numeric),5,8,3
584.com,NNN (Numeric),5,8,4
585.com,NNN (Numeric),5,8,5
586.com,NNN (Numeric),5,8,6
587.com,NNN (Numeric),5,8,7
588.com,NNN (Numeric),5,8,8
589.com,NNN (Numeric),5,8,9
590.com,NNN (Numeric),5,9,0
591.com,NNN (Numeric),5,9,1
592.com,NNN (Numeric),5,9,2
593.com,NNN (Numeric),5,9,3
594.com,NNN (Numeric),5,9,4
595.com,NNN (Numeric),5,9,5
596.com,NNN (Numeric),5,9,6
597.com,NNN (Numeric),5,9,7
598.com,NNN (Numeric),5,9,8
599.com,NNN (Numeric),5,9,9
600.com,NNN (Numeric),6,0,0
601.com,NNN (Numeric),6,0,1
602.com,NNN (Numeric),6,0,2
603.com,NNN (Numeric),6,0,3
604.com,NNN (Numeric),6,0,4
605.com,NNN (Numeric),6,0,5
606.com,NNN (Numeric),6,0,6
607.com,NNN (Numeric),6,0,7
608.com,NNN (Numeric),6,0,8
609.com,NNN (Numeric),6,0,9
610.com,NNN (Numeric),6,1,0
611.com,NNN (Numeric),6,1,1
612.com,NNN (Numeric),6,1,2
613.com,NNN (Numeric),6,1,3
614.com,NNN (Numeric),6,1,4
615.com,NNN (Numeric),6,1,5
616.com,NNN (Numeric),6,1,6
617.com,NNN (Numeric),6,1,7
618.com,NNN (Numeric),6,1,8
619.com,NNN (Numeric),6,1,9
620.com,NNN (Numeric),6,2,0
621.com,NNN (Numeric),6,2,1
622.com,NNN (Numeric),6,2,2
623.com,NNN (Numeric),6,2,3
624.com,NNN (Numeric),6,2,4
625.com,NNN (Numeric),6,2,5
626.com,NNN (Numeric),6,2,6
627.com,NNN (Numeric),6,2,7
628.com,NNN (Numeric),6,2,8
629.com,NNN (Numeric),6,2,9
630.com,NNN (Numeric),6,3,0
631.com,NNN (Numeric),6,3,1
632.com,NNN (Numeric),6,3,2
633.com,NNN (Numeric),6,3,3
634.com,NNN (Numeric),6,3,4
635.com,NNN (Numeric),6,3,5
636.com,NNN (Numeric),6,3,6
637.com,NNN (Numeric),6,3,7
638.com,NNN (Numeric),6,3,8
639.com,NNN (Numeric),6,3,9
640.com,NNN (Numeric),6,4,0
641.com,NNN (Numeric),6,4,1
642.com,NNN (Numeric),6,4,2
643.com,NNN (Numeric),6,4,3
644.com,NNN (Numeric),6,4,4
645.com,NNN (Numeric),6,4,5
646.com,NNN (Numeric),6,4,6
647.com,NNN (Numeric),6,4,7
648.com,NNN (Numeric),6,4,8
649.com,NNN (Numeric),6,4,9
650.com,NNN (Numeric),6,5,0
651.com,NNN (Numeric),6,5,1
652.com,NNN (Numeric),6,5,2
653.com,NNN (Numeric),6,5,3
654.com,NNN (Numeric),6,5,4
655.com,NNN (Numeric),6,5,5
656.com,NNN (Numeric),6,5,6
657.com,NNN (Numeric),6,5,7
658.com,NNN (Numeric),6,5,8
659.com,NNN (Numeric),6,5,9
660.com,NNN (Numeric),6,6,0
661.com,NNN (Numeric),6,6,1
662.com,NNN (Numeric),6,6,2
663.com,NNN (Numeric),6,6,3
664.com,NNN (Numeric),6,6,4
665.com,NNN (Numeric),6,6,5
666.com,NNN (Numeric),6,6,6
667.com,NNN (Numeric),6,6,7
668.com,NNN (Numeric),6,6,8
669.com,NNN (Numeric),6,6,9
670.com,NNN (Numeric),6,7,0
671.com,NNN (Numeric),6,7,1
672.com,NNN (Numeric),6,7,2
673.com,NNN (Numeric),6,7,3
674.com,NNN (Numeric),6,7,4
675.com,NNN (Numeric),6,7,5
676.com,NNN (Numeric),6,7,6
677.com,NNN (Numeric),6,7,7
678.com,NNN (Numeric),6,7,8
679.com,NNN (Numeric),6,7,9
680.com,NNN (Numeric),6,8,0
681.com,NNN (Numeric),6,8,1
682.com,NNN (Numeric),6,8,2
683.com,NNN (Numeric),6,8,3
684.com,NNN (Numeric),6,8,4
685.com,NNN (Numeric),6,8,5
686.com,NNN (Numeric),6,8,6
687.com,NNN (Numeric),6,8,7
688.com,NNN (Numeric),6,8,8
689.com,NNN (Numeric),6,8,9
690.com,NNN (Numeric),6,9,0
691.com,NNN (Numeric),6,9,1
692.com,NNN (Numeric),6,9,2
693.com,NNN (Numeric),6,9,3
694.com,NNN (Numeric),6,9,4
695.com,NNN (Numeric),6,9,5
696.com,NNN (Numeric),6,9,6
697.com,NNN (Numeric),6,9,7
698.com,NNN (Numeric),6,9,8
699.com,NNN (Numeric),6,9,9
700.com,NNN (Numeric),7,0,0
701.com,NNN (Numeric),7,0,1
702.com,NNN (Numeric),7,0,2
703.com,NNN (Numeric),7,0,3
704.com,NNN (Numeric),7,0,4
705.com,NNN (Numeric),7,0,5
706.com,NNN (Numeric),7,0,6
707.com,NNN (Numeric),7,0,7
708.com,NNN (Numeric),7,0,8
709.com,NNN (Numeric),7,0,9
710.com,NNN (Numeric),7,1,0
711.com,NNN (Numeric),7,1,1
712.com,NNN (Numeric),7,1,2
713.com,NNN (Numeric),7,1,3
714.com,NNN (Numeric),7,1,4
715.com,NNN (Numeric),7,1,5
716.com,NNN (Numeric),7,1,6
717.com,NNN (Numeric),7,1,7
718.com,NNN (Numeric),7,1,8
719.com,NNN (Numeric),7,1,9
720.com,NNN (Numeric),7,2,0
721.com,NNN (Numeric),7,2,1
722.com,NNN (Numeric),7,2,2
723.com,NNN (Numeric),7,2,3
724.com,NNN (Numeric),7,2,4
725.com,NNN (Numeric),7,2,5
726.com,NNN (Numeric),7,2,6
727.com,NNN (Numeric),7,2,7
728.com,NNN (Numeric),7,2,8
729.com,NNN (Numeric),7,2,9
730.com,NNN (Numeric),7,3,0
731.com,NNN (Numeric),7,3,1
732.com,NNN (Numeric),7,3,2
733.com,NNN (Numeric),7,3,3
734.com,NNN (Numeric),7,3,4
735.com,NNN (Numeric),7,3,5
736.com,NNN (Numeric),7,3,6
737.com,NNN (Numeric),7,3,7
738.com,NNN (Numeric),7,3,8
739.com,NNN (Numeric),7,3,9
740.com,NNN (Numeric),7,4,0
741.com,NNN (Numeric),7,4,1
742.com,NNN (Numeric),7,4,2
743.com,NNN (Numeric),7,4,3
744.com,NNN (Numeric),7,4,4
745.com,NNN (Numeric),7,4,5
746.com,NNN (Numeric),7,4,6
747.com,NNN (Numeric),7,4,7
748.com,NNN (Numeric),7,4,8
749.com,NNN (Numeric),7,4,9
750.com,NNN (Numeric),7,5,0
751.com,NNN (Numeric),7,5,1
752.com,NNN (Numeric),7,5,2
753.com,NNN (Numeric),7,5,3
754.com,NNN (Numeric),7,5,4
755.com,NNN (Numeric),7,5,5
756.com,NNN (Numeric),7,5,6
757.com,NNN (Numeric),7,5,7
758.com,NNN (Numeric),7,5,8
759.com,NNN (Numeric),7,5,9
760.com,NNN (Numeric),7,6,0
761.com,NNN (Numeric),7,6,1
762.com,NNN (Numeric),7,6,2
763.com,NNN (Numeric),7,6,3
764.com,NNN (Numeric),7,6,4
765.com,NNN (Numeric),7,6,5
766.com,NNN (Numeric),7,6,6
767.com,NNN (Numeric),7,6,7
768.com,NNN (Numeric),7,6,8
769.com,NNN (Numeric),7,6,9
770.com,NNN (Numeric),7,7,0
771.com,NNN (Numeric),7,7,1
772.com,NNN (Numeric),7,7,2
773.com,NNN (Numeric),7,7,3
774.com,NNN (Numeric),7,7,4
775.com,NNN (Numeric),7,7,5
776.com,NNN (Numeric),7,7,6
777.com,NNN (Numeric),7,7,7
778.com,NNN (Numeric),7,7,8
779.com,NNN (Numeric),7,7,9
780.com,NNN (Numeric),7,8,0
781.com,NNN (Numeric),7,8,1
782.com,NNN (Numeric),7,8,2
783.com,NNN (Numeric),7,8,3
784.com,NNN (Numeric),7,8,4
785.com,NNN (Numeric),7,8,5
786.com,NNN (Numeric),7,8,6
787.com,NNN (Numeric),7,8,7
788.com,NNN (Numeric),7,8,8
789.com,NNN (Numeric),7,8,9
790.com,NNN (Numeric),7,9,0
791.com,NNN (Numeric),7,9,1
792.com,NNN (Numeric),7,9,2
793.com,NNN (Numeric),7,9,3
794.com,NNN (Numeric),7,9,4
795.com,NNN (Numeric),7,9,5
796.com,NNN (Numeric),7,9,6
797.com,NNN (Numeric),7,9,7
798.com,NNN (Numeric),7,9,8
799.com,NNN (Numeric),7,9,9
800.com,NNN (Numeric),8,0,0
801.com,NNN (Numeric),8,0,1
802.com,NNN (Numeric),8,0,2
803.com,NNN (Numeric),8,0,3
804.com,NNN (Numeric),8,0,4
805.com,NNN (Numeric),8,0,5
806.com,NNN (Numeric),8,0,6
807.com,NNN (Numeric),8,0,7
808.com,NNN (Numeric),8,0,8
809.com,NNN (Numeric),8,0,9
810.com,NNN (Numeric),8,1,0
811.com,NNN (Numeric),8,1,1
812.com,NNN (Numeric),8,1,2
813.com,NNN (Numeric),8,1,3
814.com,NNN (Numeric),8,1,4
815.com,NNN (Numeric),8,1,5
816.com,NNN (Numeric),8,1,6
817.com,NNN (Numeric),8,1,7
818.com,NNN (Numeric),8,1,8
819.com,NNN (Numeric),8,1,9
820.com,NNN (Numeric),8,2,0
821.com,NNN (Numeric),8,2,1
822.com,NNN (Numeric),8,2,2
823.com,NNN (Numeric),8,2,3
824.com,NNN (Numeric),8,2,4
825.com,NNN (Numeric),8,2,5
826.com,NNN (Numeric),8,2,6
827.com,NNN (Numeric),8,2,7
828.com,NNN (Numeric),8,2,8
829.com,NNN (Numeric),8,2,9
830.com,NNN (Numeric),8,3,0
831.com,NNN (Numeric),8,3,1
832.com,NNN (Numeric),8,3,2
833.com,NNN (Numeric),8,3,3
834.com,NNN (Numeric),8,3,4
835.com,NNN (Numeric),8,3,5
836.com,NNN (Numeric),8,3,6
837.com,NNN (Numeric),8,3,7
838.com,NNN (Numeric),8,3,8
839.com,NNN (Numeric),8,3,9
840.com,NNN (Numeric),8,4,0
841.com,NNN (Numeric),8,4,1
842.com,NNN (Numeric),8,4,2
843.com,NNN (Numeric),8,4,3
844.com,NNN (Numeric),8,4,4
845.com,NNN (Numeric),8,4,5
846.com,NNN (Numeric),8,4,6
847.com,NNN (Numeric),8,4,7
848.com,NNN (Numeric),8,4,8
849.com,NNN (Numeric),8,4,9
850.com,NNN (Numeric),8,5,0
851.com,NNN (Numeric),8,5,1
852.com,NNN (Numeric),8,5,2
853.com,NNN (Numeric),8,5,3
854.com,NNN (Numeric),8,5,4
855.com,NNN (Numeric),8,5,5
856.com,NNN (Numeric),8,5,6
857.com,NNN (Numeric),8,5,7
858.com,NNN (Numeric),8,5,8
859.com,NNN (Numeric),8,5,9
860.com,NNN (Numeric),8,6,0
861.com,NNN (Numeric),8,6,1
862.com,NNN (Numeric),8,6,2
863.com,NNN (Numeric),8,6,3
864.com,NNN (Numeric),8,6,4
865.com,NNN (Numeric),8,6,5
866.com,NNN (Numeric),8,6,6
867.com,NNN (Numeric),8,6,7
868.com,NNN (Numeric),8,6,8
869.com,NNN (Numeric),8,6,9
870.com,NNN (Numeric),8,7,0
871.com,NNN (Numeric),8,7,1
872.com,NNN (Numeric),8,7,2
873.com,NNN (Numeric),8,7,3
874.com,NNN (Numeric),8,7,4
875.com,NNN (Numeric),8,7,5
876.com,NNN (Numeric),8,7,6
877.com,NNN (Numeric),8,7,7
878.com,NNN (Numeric),8,7,8
879.com,NNN (Numeric),8,7,9
880.com,NNN (Numeric),8,8,0
881.com,NNN (Numeric),8,8,1
882.com,NNN (Numeric),8,8,2
883.com,NNN (Numeric),8,8,3
884.com,NNN (Numeric),8,8,4
885.com,NNN (Numeric),8,8,5
886.com,NNN (Numeric),8,8,6
887.com,NNN (Numeric),8,8,7
888.com,NNN (Numeric),8,8,8
889.com,NNN (Numeric),8,8,9
890.com,NNN (Numeric),8,9,0
891.com,NNN (Numeric),8,9,1
892.com,NNN (Numeric),8,9,2
893.com,NNN (Numeric),8,9,3
894.com,NNN (Numeric),8,9,4
895.com,NNN (Numeric),8,9,5
896.com,NNN (Numeric),8,9,6
897.com,NNN (Numeric),8,9,7
898.com,NNN (Numeric),8,9,8
899.com,NNN (Numeric),8,9,9
900.com,NNN (Numeric),9,0,0
901.com,NNN (Numeric),9,0,1
902.com,NNN (Numeric),9,0,2
903.com,NNN (Numeric),9,0,3
904.com,NNN (Numeric),9,0,4
905.com,NNN (Numeric),9,0,5
906.com,NNN (Numeric),9,0,6
907.com,NNN (Numeric),9,0,7
908.com,NNN (Numeric),9,0,8
909.com,NNN (Numeric),9,0,9
910.com,NNN (Numeric),9,1,0
911.com,NNN (Numeric),9,1,1
912.com,NNN (Numeric),9,1,2
913.com,NNN (Numeric),9,1,3
914.com,NNN (Numeric),9,1,4
915.com,NNN (Numeric),9,1,5
916.com,NNN (Numeric),9,1,6
917.com,NNN (Numeric),9,1,7
918.com,NNN (Numeric),9,1,8
919.com,NNN (Numeric),9,1,9
920.com,NNN (Numeric),9,2,0
921.com,NNN (Numeric),9,2,1
922.com,NNN (Numeric),9,2,2
923.com,NNN (Numeric),9,2,3
924.com,NNN (Numeric),9,2,4
925.com,NNN (Numeric),9,2,5
926.com,NNN (Numeric),9,2,6
927.com,NNN (Numeric),9,2,7
928.com,NNN (Numeric),9,2,8
929.com,NNN (Numeric),9,2,9
930.com,NNN (Numeric),9,3,0
931.com,NNN (Numeric),9,3,1
932.com,NNN (Numeric),9,3,2
933.com,NNN (Numeric),9,3,3
934.com,NNN (Numeric),9,3,4
935.com,NNN (Numeric),9,3,5
936.com,NNN (Numeric),9,3,6
937.com,NNN (Numeric),9,3,7
938.com,NNN (Numeric),9,3,8
939.com,NNN (Numeric),9,3,9
940.com,NNN (Numeric),9,4,0
941.com,NNN (Numeric),9,4,1
942.com,NNN (Numeric),9,4,2
943.com,NNN (Numeric),9,4,3
944.com,NNN (Numeric),9,4,4
945.com,NNN (Numeric),9,4,5
946.com,NNN (Numeric),9,4,6
947.com,NNN (Numeric),9,4,7
948.com,NNN (Numeric),9,4,8
949.com,NNN (Numeric),9,4,9
950.com,NNN (Numeric),9,5,0
951.com,NNN (Numeric),9,5,1
952.com,NNN (Numeric),9,5,2
953.com,NNN (Numeric),9,5,3
954.com,NNN (Numeric),9,5,4
955.com,NNN (Numeric),9,5,5
956.com,NNN (Numeric),9,5,6
957.com,NNN (Numeric),9,5,7
958.com,NNN (Numeric),9,5,8
959.com,NNN (Numeric),9,5,9
960.com,NNN (Numeric),9,6,0
961.com,NNN (Numeric),9,6,1
962.com,NNN (Numeric),9,6,2
963.com,NNN (Numeric),9,6,3
964.com,NNN (Numeric),9,6,4
965.com,NNN (Numeric),9,6,5
966.com,NNN (Numeric),9,6,6
967.com,NNN (Numeric),9,6,7
968.com,NNN (Numeric),9,6,8
969.com,NNN (Numeric),9,6,9
970.com,NNN (Numeric),9,7,0
971.com,NNN (Numeric),9,7,1
972.com,NNN (Numeric),9,7,2
973.com,NNN (Numeric),9,7,3
974.com,NNN (Numeric),9,7,4
975.com,NNN (Numeric),9,7,5
976.com,NNN (Numeric),9,7,6
977.com,NNN (Numeric),9,7,7
978.com,NNN (Numeric),9,7,8
979.com,NNN (Numeric),9,7,9
980.com,NNN (Numeric),9,8,0
981.com,NNN (Numeric),9,8,1
982.com,NNN (Numeric),9,8,2
983.com,NNN (Numeric),9,8,3
984.com,NNN (Numeric),9,8,4
985.com,NNN (Numeric),9,8,5
986.com,NNN (Numeric),9,8,6
987.com,NNN (Numeric),9,8,7
988.com,NNN (Numeric),9,8,8
989.com,NNN (Numeric),9,8,9
990.com,NNN (Numeric),9,9,0
991.com,NNN (Numeric),9,9,1
992.com,NNN (Numeric),9,9,2
993.com,NNN (Numeric),9,9,3
994.com,NNN (Numeric),9,9,4
995.com,NNN (Numeric),9,9,5
996.com,NNN (Numeric),9,9,6
997.com,NNN (Numeric),9,9,7
998.com,NNN (Numeric),9,9,8
999.com,NNN (Numeric),9,9,9